user_input,retrieved_contexts,response,reference,faithfulness,answer_relevancy,context_precision,context_recall
"Яким чином можливе упорядкування компонентів у комбінаціях, якщо мета полягає в полегшенні їхньої реєстрації?","['спрощення запису будемо сортувати елементи в сполученнях у висхідному\n195', ""TEMA 7\nслід застосувати дистрибутивний закон В для кон'юнкції щодо диз'юнкції\n(права колонка, тема 1).\nКрок 4. Застосувати закони ідемпотентності для видалення повторних\nвходжень змінних.\nКрок 5. За правилом розвинення у кожну кон'юнкцію (для ДДНФ) чи\nдиз'юнкцію (для ДКНФ), які не містять всі змінні, додати ті, яких не\nвистачає.\nКрок 6. Застосувати закони комутативності для сортування змінних.\n7.2. Мінімізація булевих функцій\nМножину булевих функцій разом із введеними на ній операціями"", 'дозволять перетворити довільну функцію у ДДНФ та ДКНФ.\n<b>Крок 1.</b> Застосувати правила <math>(1.1)</math>-<math>(1.3)</math> (тема 1) для усунення логічних\nоперацій імплікації, еквівалентності та додавання за модулем 2.\nКрок 2. Застосувати закон подвійного заперечення та закони де\nМоргана для перенесення знака заперечення безпосередньо до змінних.\nКрок 3. Застосувати відповідні закони дистрибутивності. Щоб\nпобудувати КНФ, потрібно використати дистрибутивний закон А для', ""• Реляційні бази даних відіграють роль майже\nв кожній організації, яка повинна\nвідстежувати співробітників, клієнтів або\nресурси.\n• Реляційна база даних поєднує ознаки певної\nБази даних і\nінформації.\n• У базі даних, що містить інформацію про\nДискретна\nклієнта, реляційний аспект цієї бази даних\nдозволяє комп'ютерній системі знати, як\nматематика\nзв'язати ім'я клієнта, адресу, номер телефону\nта іншу відповідну інформацію.\n• Все це робиться за допомогою дискретної"", ""• Реляційні бази даних відіграють роль майже\nв кожній організації, яка повинна\nвідстежувати співробітників, клієнтів або\nресурси.\n• Реляційна база даних поєднує ознаки певної\nБази даних і\nінформації.\n• У базі даних, що містить інформацію про\nДискретна\nклієнта, реляційний аспект цієї бази даних\nдозволяє комп'ютерній системі знати, як\nматематика\nзв'язати ім'я клієнта, адресу, номер телефону\nта іншу відповідну інформацію.\n• Все це робиться за допомогою дискретної""]","На основі наданого контексту, я не можу надати конкретної відповіді на ваше питання щодо ""упорядкування компонентів у комбінаціях для полегшення їхньої реєстрації"". Однак, у сфері дискретної математики і теорії графів досліджуються алгоритми та структури, які можуть бути корисними для вирішення подібних завдань. Можливо, корисними можуть бути наступні теми:

1. **Теорія графів**: Використання графів для організації та структуризації даних чи компонентів.
2. **Алгоритми**: Різні алгоритми, особливо комбінаційні, можуть бути застосовані для ефективного упорядкування та оптимізації.
3. **Теорія множин**: Використання теорії множин для організації даних, що може полегшити їх реєстрацію.

Якщо є можливість деталізувати завдання чи питання, це може допомогти в точнішому пошуку відповідей з бази даних.",висхідному порядку,0.16666666666666666,0.0,0.99999999995,1.0
Яка галузь математичних досліджень була інтегрована в навчальні програми комп'ютерних наук у період 1980-х років?,"['алгоритмы / Д. Кнут. — М.: Изд. дом «Вильямс», <math>2000. - 720</math> с.\n9. Кнут Д. Искусство программирования для ЭВМ Т. 2. Получисленные\nалгоритмы / Д. Кнут. – М.: Мир, 1977. – 724 с.\n10. Кнут Д. Искусство программирования для ЭВМ Т. 3. Сортировка и\nпоиск / Д. Кнут. – М.: Изд. дом «Вильямс», 2007. – 832 с.\n11. Комбінаторний аналіз: Методичні вказівки до виконання практичних\nзанять з дисципліни „Комп\'ютерна дискретна математика"" для', 'математичних нагород, включаючи премію Вольфа.\nУ 1980-х роках Дискретна Математика була введена\nяк допоміжний курс інформатики.', 'математичних нагород, включаючи премію Вольфа.\nУ 1980-х роках Дискретна Математика була введена\nяк допоміжний курс інформатики.', ""Пов'язані предмети\nПідготовка\nЗастосування\n• Теорія обчислень, алгоритми і структури\n• Основи програмування\n• Математичний аналіз\nданих\n• Теорія ймовірностей\n• Лінійна алгебра\n• Організація баз даних та знань\n• Математичні методи дослідження операцій\n• Чисельні методи\n• Прикладне програмування\n• Проектування інформаційних систем\n• Методи та системи штучного інтелекту"", ""Пов'язані предмети\nПідготовка\nЗастосування\n• Теорія обчислень, алгоритми і структури\n• Основи програмування\n• Математичний аналіз\nданих\n• Теорія ймовірностей\n• Лінійна алгебра\n• Організація баз даних та знань\n• Математичні методи дослідження операцій\n• Чисельні методи\n• Прикладне програмування\n• Проектування інформаційних систем\n• Методи та системи штучного інтелекту""]","У період 1980-х років галузь досліджень, відома як ""Дискретна математика"", була інтегрована в навчальні програми комп'ютерних наук як допоміжний курс з інформатики.",Дискретна Математика,1.0,0.8363065881078818,0.9999999999666667,1.0
"Яке логічне поєднання умов відображатиме ситуацію, коли відчуття високої температури навколишнього середовища не залежить від доступності рідини, але обидва ці фактори повинні одночасно бути хибними для того, щоб поточний час дорівнював 3-ій годині?","[""TEMA 1\n1.5. Розв'язування задач\n1. Нехай <math>P</math>, <math>Q</math> і <math>R</math> — визначені таким чином висловлювання:\n<math>P</math>: я помираю від спеки;\n<math>Q</math>: моя склянка порожня;\n<math>R</math>: зараз 3-я година.\nЗапишіть кожне з таких висловлювань як логічний вираз, що містить\n<i>P</i>, <i>Q</i> i <i>R</i>:\nа) я помираю від спеки і моя склянка не порожня;\nб) зараз 3-я година, і я помираю від спеки;\nв) якщо зараз 3-я година, то я помираю від спеки;"", 'р: вологість велика,\n<b>q</b>: температура висока,\nr: ми почуваємо себе добре.\nТоді речення\nСкладні\n«Якщо вологість велика та температура\nвисока, то ми не почуваємо себе добре»\nвисловлювання\nможна записати складним висловлюванням\n<math>(p \\land q) \\rightarrow \\overline{r}</math>\nсимволи p, q, r— атомарні формули, атоми.', 'р: вологість велика,\n<b>q</b>: температура висока,\nr: ми почуваємо себе добре.\nТоді речення\nСкладні\n«Якщо вологість велика та температура\nвисока, то ми не почуваємо себе добре»\nвисловлювання\nможна записати складним висловлюванням\n<math>(p \\land q) \\rightarrow \\overline{r}</math>\nсимволи p, q, r— атомарні формули, атоми.', 'з альтернативними властивостями з обмеженнями на дві змінні:\n<math>x_1 \\ge b_1 + 1,</math> <math>x_2 \\ge b_2 + 1,</math> <math>x_3 \\ge a_3,</math>\n<math>x_1 \\ge a_1</math>, <math>x_2 \\ge b_2 + 1</math>, <math>x_3 \\ge b_3 + 1</math>,\n<math>x_1 \\ge b_1 + 1</math>, <math>x_2 \\ge a_2</math>, <math>x_3 \\ge b_3 + 1</math>.\nОтримаємо <math>K_i = H_3^{\\beta_i}</math>, де <math>\\beta_1 = k - b_1 - b_2 - a_3 - 2</math>,', ""в) якщо зараз 3-я година, то я помираю від спеки;\nг) якщо я помираю від спеки, то моя склянка порожня;\nд) якщо я не помираю від спеки, то моя склянка не порожня.\nРозв'язання\nа) <math>P \\wedge (\\neg Q)</math>; б) <math>R \\wedge P</math>; в) <math>R \\Rightarrow P</math>; г) <math>P \\Rightarrow Q</math>; д) <math>\\neg P \\Rightarrow \\neg Q</math>.\n2. Позначимо через <math>P</math> висловлювання «троянди червоні», а через <math>Q</math> –""]","У вашому запиті йдеться про побудову логічного висловлювання для відображення певної ситуації. Зокрема, необхідно визначити логічне поєднання умов, за якого обидва фактори - ""висока температура"" і ""доступність рідини"" - повинні бути хибними, щоб ""поточний час дорівнював 3-ій годині"".

На основі вашого опису, це можна виразити як логічну формулу:

Якщо позначити:
- \( A \) - Відчуття високої температури (істина або хиба).
- \( B \) - Доступність рідини (істина або хиба).
- \( C \) - Поточний час дорівнює 3-ій годині (істина або хиба).

Тоді потрібно, щоб \( C \) було істинним тоді і тільки тоді, коли ¬\( A \) (не \( A \)) та ¬\( B \) (не \( B \)) обидва хибні:

\[ C = \neg A \land \neg B \]

Ця логічна формула вказує, що тільки тоді, коли обидва зазначені умови не справджуються (хибні), поточний час може дорівнювати 3-ій годині.",¬P ∧ ¬Q → R,0.2222222222222222,0.8283401727520718,0.9999999999,1.0
"Який математичний метод використовується для перевірки коду, що складається з числових символів, і яким чином цей процес забезпечує коректність даних в цифрових системах?","['b) 1110011 Ta 1000001;\nc) 1100111 Ta 1100111.\n16. Закодувати двійковим кодом Геммінга комбінацію <math>A = 10011</math> двійкового\nпростого коду та показати на прикладі виправлення будь-якої однократ-\nної помилки.\n17. Виявити у якому біті коду <math>\\epsilon</math> помилка, якщо:\nа) передане кодове слово 1101011, а прийняте слово – 1101101;\nb) передане кодове слово 1111001, а прийняте слово – 1101001.\n18. Вхідний код 010111010011 закодували за допомогою алгоритму', '11. За допомогою карт Карно мінімізувати:\na) <math>pqr \\lor pqr \\lor pqr \\lor pqr</math>; b) <math>pqs \\lor qrs \\lor prs \\lor pqr \\lor prs \\lor pqr</math>.\n12. Скласти СДНФ булевої функції, заданої вектором значень таблиці\nістинності <math>f</math>=(10010010) та мінімізувати її.\n13. Закодувати двійковим кодом Геммінга комбінації 0110010 та 1000111\nдвійкового простого коду. Показати на прикладі виправлення будь-якої\nоднократної помилки в утворених комбінаціях коду Геммінга та', 'TEMA 7\nЯкщо дві помилки в інформаційних: 101101011.\n0\n<math>s_1</math>\n0\n1\n0\n1\n0\n0\n0\n<math>s_2</math>\n<math>\\oplus</math>\n<math>\\oplus</math>\n<math>\\oplus</math>\n<math>\\oplus</math>\n<math>\\oplus</math>\n<math>=</math>\n<math>=</math>\n0\n0\n0\n0\n0\n<math>S_4</math>\n0\n0\n0\n1\n1\n0\n0\n<b>S</b>8\n<math>0001_2 = 1_{10}</math> – номер контрольного біта\nЯкщо дві помилки в інформаційних: 101101110.\n0\n1\n<math>s_1</math>\n0\n1\n0\n0\n1\n<math>s_2</math>\n<math>\\oplus</math>\n<math>\\oplus</math>\n<math>\\oplus</math>', 'TEMA 7\nПри кодуванні контрольні біти <math>p_1, p_2, p_4...p_{2^{r-1}}</math> вибирають так, щоб\nсиндром (7.2) дорівнював нулю. При застосуванні кон\'юнкції до невідомих бітів,\nдля прикладу, до <math>2 \\wedge p_2</math>, отримаємо <math>00 p_2 0</math>. Тому детальніший запис\nбітового подання (4.2) має вигляд (двійкові коди йдуть знизу догори і знак\nкон\'юнкціїї опущений):\n<math display=""block"">', 'беруть участь тільки непарні цифри.\nв) Ми маємо <math>26^2</math>=676 можливостей для вибору перших двох символів\nпаролю. Кожен з решти 4-х може бути вибраний з 36 символів (26 букв і 10\nцифр). Це можна зробити <math>36^4</math>=1 679 616 способами. Отже, ми маємо 676 х\n1 679 616= 1 135 420 416 різних паролів.\n<b>3.</b> Нехай <math>S</math> — множина 4-значних чисел, у десятковому записі яких є\nцифри: 0, 1, 2, 3 і 6, причому 0 на першому місці, природно, стояти не\nможе.']","Відповідно до наданого контексту, один з методів, що використовується для перевірки коректності коду, який складається з числових символів, є кодування за допомогою двійкового коду Геммінга. Цей метод дозволяє виявляти та виправляти однократні помилки у коді. Процес кодування полягає в тому, щоб додавати контрольні біти до вихідного двійкового коду, що дозволяє перевіряти та коригувати один бітовий промах. Коли відбувається зміна біта через шум, коди Геммінга здатні визначити, в якому біті відбулося порушення, і відновити правильне значення.","Перевіркова цифра обчислюється шляхом знаходження суми всіх цифр цифрового коду, яка повинна ділитися на 10 без залишку.",1.0,0.8836963278073374,0.0,0.0
"Яким чином можна комбінувати висловлювання, що стосуються відчуттів людини та часу, щоб отримати логічні вирази, котрі підходять для ситуацій, коли відбувається певна фізична реакція у визначений момент?","[""Складові (складні) висловлювання утворюються за\nдопомогою зв'язок «I», «АБО», «НЕ», які в алгебрі логіки\nзамінюються на логічні операції:\n• <b>HE,</b> <math>1, \\neg, \\overline{p}</math> — <b>Інверсія</b>, логічне заперечення;\n• <b>I,AND,</b> ∧ — <b>Кон'юнкція</b>, логічне множення;\n• <b>AБO,OR, V</b> — <b>Диз'юнкція</b>, нечітка диз'юнкція, логічне\nЛогічні\nдодавання;\n• АБО,ХОR, <math>\\oplus</math> — Роздільна (сувора) диз'юнкція, що\nопераціі"", ""Складові (складні) висловлювання утворюються за\nдопомогою зв'язок «I», «АБО», «НЕ», які в алгебрі логіки\nзамінюються на логічні операції:\n• <b>HE,</b> <math>1, \\neg, \\overline{p}</math> — <b>Інверсія</b>, логічне заперечення;\n• <b>I,AND,</b> ∧ — <b>Кон'юнкція</b>, логічне множення;\n• <b>AБO,OR, V</b> — <b>Диз'юнкція</b>, нечітка диз'юнкція, логічне\nЛогічні\nдодавання;\n• АБО,ХОR, <math>\\oplus</math> — Роздільна (сувора) диз'юнкція, що\nопераціі"", 'Три основні способи задання\nбулевих функцій:\nПерший спосіб - за допомогою таблиці істинності.\nУ такій таблиці перераховані всі можливі комбінації\nпараметрів і результат функції для кожної з комбінацій. У\nкожному рядку зліва перераховуються параметри, а в\nкрайньому правому стовпчику - результат. У верхньому\nрядку - позначення параметрів і позначення функції.\nДругий спосіб задання логічної функції - у вигляді формул, в\nяких застосовуються знаки унарних і бінарних операцій.', 'Визначити, які з цих відношень:\nа) рефлексивні; б) іррефлексивні; в) транзитивні;\nг) симетричні; д) асиметричні; е) антисиметричні;\n<math>\\epsilon</math>) відношення еквівалентності; ж) відношення часткового порядку.\n163', 'матрицю композиції відношень?\n13.Як будують замикання відношення за властивостями рефлексивності,\nсиметричності і транзитивності?\n14. Яке відношення називають функцією?\n159']","Згідно з наданим контекстом, для комбінування висловлювань, що стосуються відчуттів людини та часу, у логічні вирази, можуть використовуватись логічні операції з алгебри логіки, такі як кон'юнкція, диз'юнкція та інверсія. Наприклад, ""логічне множення"" виражається кон'юнкцією (AND), тоді як ""логічне додавання"" може бути представлено диз'юнкцією (OR). Це дозволяє створювати складні висловлювання через комбінації цих операцій, що можуть підходити для моделювання фізичних реакцій у певний момент часу.

Ось контакт формули, приклад:

- Кон'юнкція: \( x \land y \) (логічне множення)
- Диз'юнкція: \( x \lor y \) (логічне додавання)
- Інверсія: \( \neg x \) (логічне заперечення)

Такі логічні структури можуть бути використані для пояснення взаємозалежностей між фізичними реакціями і їх проявами в певний момент часу, наприклад в медичних або психологічних дослідженнях.","а) P і не Q; б) R і P; в) якщо R, то P",0.36363636363636365,0.8414525015922906,0.99999999995,0.6666666666666666
